{"cameraMode":{"drawMode":0,"name":"Shaded","section":"Shading Mode"},"sceneLighting":true,"audioPlay":false,"sceneViewState":{"m_AlwaysRefresh":false,"showFog":true,"showSkybox":true,"showFlares":true,"showImageEffects":true,"showParticleSystems":true,"showVisualEffectGraphs":true,"m_FxEnabled":true},"in2DMode":false,"pivot":{"x":-3.0004754066467287,"y":-2.094236373901367,"z":-2.8467369079589845},"rotation":{"x":0.2014075517654419,"y":-0.07484973967075348,"z":0.015437616966664791,"w":0.9765229821205139},"size":22.47838592529297,"orthographic":false}